ID,CONST,bilstmOutputMode,initialLearnRate,gradientThreshold,shuffle,VARIABLE,maxEpochs,miniBatchSize,solver,hiddenUnits,dropout,RESULTS,finalValidationLoss,finalValidationAccuracy,elapsedTime_HH_MM_SS_FFF,vLossMean,vLossMedian,vLossStd,vAccuracyMean,vAccuracyMedian,vAccuracyStd,tLossMean,tLossMedian,tLossStd,tAccuracyMean,tAccuracyMedian,tAccuracyStd
1,,last,0.0001,2,every-epoch,,30,16,adam,50,0.5,,0.9750095,82.1428571428571,00:00:35.527,1.67244535876859,1.51421308517456,0.58978085444611,64.1705069124424,71.4285714285714,25.6461377223669,1.81566771678627,1.74238812923431,0.550471360377612,48.9973958333333,50,20.5067105084261
2,,last,0.0001,2,every-epoch,,30,16,adam,100,0.5,,0.4451206,96.4285714285714,00:00:38.545,1.26028351053115,1.02277934551239,0.738439266805245,70.9677419354839,82.1428571428571,24.6358156862545,1.33820178378373,1.16785967350006,0.680909190212506,64.8307291666667,68.75,23.0556673728138
3,,last,0.0001,2,every-epoch,,30,16,adam,200,0.5,,0.07139903,100,00:00:45.853,0.758902966735824,0.409698486328125,0.788525261815731,82.9493087557604,92.8571428571429,23.3414042908339,0.870741122340163,0.612469553947449,0.742377677303878,78.5546875,87.5,23.3569750126017
4,,last,0.0001,2,every-epoch,,30,16,adam,300,0.5,,0.03722897,100,00:00:57.562,0.574408775255565,0.273070365190506,0.697332355129517,87.2119815668203,96.4285714285714,20.1561547112843,0.687494143166502,0.422473132610321,0.681050547586965,81.6145833333333,87.5,22.0469617823949
5,,last,0.0001,2,every-epoch,,30,16,adam,400,0.5,,0.02257415,100,00:01:19.970,0.505953733298567,0.13888543844223,0.73653515348194,87.557603686636,100,23.3261219615896,0.582164773214996,0.289060175418854,0.6805450893116,84.84375,93.75,21.5965162006323
6,,last,0.0001,2,every-epoch,,30,16,adam,500,0.5,,0.05001381,96.4285714285714,00:01:38.563,0.477548712924603,0.133698239922523,0.707209352070199,86.5207373271889,96.4285714285714,22.694916820871,0.55106141520082,0.264330923557281,0.673351439575389,84.7135416666667,93.75,21.0637322981498
7,,last,0.0001,2,every-epoch,,30,16,adam,1000,0.5,,0.01037716,100,00:04:19.982,0.411785337271105,0.110710173845291,0.673274835473599,88.1773399014778,96.4285714285714,23.1672098871218,0.465500191078068,0.193679012358189,0.6273066961001,86.2025669642857,93.75,19.9221038723936
,,,,,,,,,,,,,,,,,,,,,,,,,,,
